{
    "title": "MatataLab Swift PlaygroundBook",
    "subtitle": "A Collection of Swift Lessons with MatataBot",
    "publisherName": "Company Name Inc.",
    "feedIdentifier": "com.example.whimsicalswift",
    "contactURL": "https://www.matatalab.com",
    "formatVersion": "1.0",
    "documents": [
        {
            "title": "The Key Path Not Taken",
            "overviewSubtitle": "Dynamically Choosing Among Key Paths",
            "detailSubtitle": "Because key paths in Swift are applied at runtime, their behavior is dynamic.",
            "description": "Learn to compare key paths and pick the right one.",
            "contentIdentifier": "com.example.whimsicalswift.keypaths",
            "contentVersion": "1.0",
            "url": "keypaths/keypaths.playgroundbook.zip",
            "publishedDate": "2017-11-13T21:13:57+00:00",
            "lastUpdatedDate": "2017-11-13T21:13:57+00:00",
            "thumbnailURL": "keypaths/thumbnail.png",
            "bannerImageURL": "keypaths/banner.png",
            "additionalInformation": [
                {
                    "name": "Languages",
                    "value": "English"
                }
            ],
            "previewImageURLs": [
                "keypaths/preview-1.png"
            ]
        },
        {
            "title": "Structer Things",
            "overviewSubtitle": "Understand Structures by Comparing Them with Classes",
            "detailSubtitle": "Choose between using a structure or a class to model data.",
            "description": "Learn about value semantics and reference semantics.",
            "contentIdentifier": "com.example.whimsicalswift.structures-and-classes",
            "contentVersion": "1.0",
            "url": "structures-and-classes/structures-and-classes.playgroundbook.zip",
            "publishedDate": "2017-11-13T21:13:57+00:00",
            "lastUpdatedDate": "2017-11-13T21:13:57+00:00",
            "thumbnailURL": "structures-and-classes/thumbnail.png",
            "bannerImageURL": "structures-and-classes/banner.png",
            "additionalInformation": [
                {
                    "name": "Languages",
                    "value": "English"
                }
            ],
            "previewImageURLs": [
                "structures-and-classes/preview-1.png"
            ]
        }
    ]
}

